origin,angles,info
"< 0, 0, 0 >","< 0, 0, 0>" ,"pakData.playlist:fs_1v1"
"< 0, 0, 0 >","< 0, 0, 0>" ,"pakData.map:mp_rr_thunderdome"
"< 0, 0, 0 >","< 0, 0, 0>" ,"pakData.spawnsCount:50"
"< 0, 0, 0 >","< 0, 0, 0>" ,"pakData.teamCount:2"
"< 0, 0, 0 >","< 0, 0, 0>" ,"pakData.devAutoSave:false"
"< 5460.5, -172.083, 625.086>","< 0, -89.4345, 0>"  ,"spawn_0"
"< 5461.86, -600.693, 560.031>","< 0, 90.8159, 0>"  ,"spawn_1"
"< 5084.27, 601.773, 832.436>","< 0, 173.127, 0>"  ,"spawn_2"
"< 4584.73, 604.674, 860.637>","< 0, -3.09561, 0>"  ,"spawn_3"
"< 5801.44, 2401.29, 857.828>","< 0, 160.855, 0>"  ,"spawn_4"
"< 5339.53, 2644.76, 855.957>","< 0, -36.8232, 0>"  ,"spawn_5"
"< 4452.83, 2856.57, 895.984>","< 0, 169.224, 0>"  ,"spawn_6"
"< 3930.6, 3069.47, 838.478>","< 0, -29.0074, 0>"  ,"spawn_7"
"< 3450.05, 3173.23, 802.173>","< 0, -148.692, 0>"  ,"spawn_8"
"< 3079.5, 2997.26, 768.031>","< 0, 35.7807, 0>"  ,"spawn_9"
"< 2958.49, 2895.61, 768.031>","< 0, 179.245, 0>"  ,"spawn_10"
"< 2391.59, 2937.96, 768.031>","< 0, -5.49591, 0>"  ,"spawn_11"
"< 1826.33, 2877.64, 768.031>","< 0, 163.426, 0>"  ,"spawn_12"
"< 1323.62, 2993.8, 768.031>","< 0, -15.7726, 0>"  ,"spawn_13"
"< 860.472, 2608.53, 768.031>","< 0, 177.621, 0>"  ,"spawn_14"
"< 424.242, 2632.62, 767.907>","< 0, 3.21534, 0>"  ,"spawn_15"
"< -1479.08, 2093.27, 772.031>","< 0, -45.5814, 0>"  ,"spawn_16"
"< -1143.98, 1784.81, 772.031>","< 0, 134.775, 0>"  ,"spawn_17"
"< -2489.16, 2257.44, 896.031>","< 0, -176.699, 0>"  ,"spawn_18"
"< -2898.79, 2215.11, 896.031>","< 0, 2.46122, 0>"  ,"spawn_19"
"< -3285.29, 1451.41, 1149.09>","< 0, -119.589, 0>"  ,"spawn_20"
"< -3549.62, 852.973, 1149.09>","< 0, 74.2663, 0>"  ,"spawn_21"
"< -5506.57, -1338.93, 848.031>","< 0, 151.105, 0>"  ,"spawn_22"
"< -5887.27, -1204.09, 849.078>","< 0, -8.45609, 0>"  ,"spawn_23"
"< -3980.15, -1875.26, 791.488>","< 0, 85.8052, 0>"  ,"spawn_24"
"< -3924.19, -1377.14, 786.377>","< 0, -101.381, 0>"  ,"spawn_25"
"< -2544.05, -1433.26, 1504.74>","< 0, -57.1515, 0>"  ,"spawn_26"
"< -2339.92, -1767.21, 1504.97>","< 0, 123.977, 0>"  ,"spawn_27"
"< 377.373, -941.412, 1728.03>","< 0, 15.0767, 0>"  ,"spawn_28"
"< 976.783, -741.897, 1728.03>","< 0, -151.747, 0>"  ,"spawn_29"
"< 1482.06, -1407.89, 1776.03>","< 0, -150.711, 0>"  ,"spawn_30"
"< 1109.63, -1594.62, 1776.03>","< 0, 22.0165, 0>"  ,"spawn_31"
"< 1934.71, -2869.38, 1584.83>","< 0, -110.444, 0>"  ,"spawn_32"
"< 1760.03, -3283.45, 1508.77>","< 0, 62.5604, 0>"  ,"spawn_33"
"< 3855.52, -2116.56, 576.031>","< 0, 111.588, 0>"  ,"spawn_34"
"< 3600.31, -1647.51, 576.031>","< 0, -53.9464, 0>"  ,"spawn_35"
"< 3957.24, -431.817, 560.031>","< 0, 7.50045, 0>"  ,"spawn_36"
"< 4851.86, -288.292, 560.031>","< 0, -174.366, 0>"  ,"spawn_37"
"< 2377.75, -28.386, 1465.08>","< 0, -145.054, 0>"  ,"spawn_38"
"< 1952.18, -265.089, 1481.32>","< 0, 22.0278, 0>"  ,"spawn_39"
"< -1874.96, -3090.62, 1070.62>","< 0, -18.067, 0>"  ,"spawn_40"
"< -1535.33, -3186.12, 1082.74>","< 0, 174.217, 0>"  ,"spawn_41"
"< 771.235, -3548.45, 1199.42>","< 0, 150.645, 0>"  ,"spawn_42"
"< 350.996, -3413.06, 1062.5>","< 0, -11.9337, 0>"  ,"spawn_43"
"< -153.778, 2000.17, 1312.03>","< 0, 146.514, 0>"  ,"spawn_44"
"< -560.959, 2201.45, 1327>","< 0, -19.8449, 0>"  ,"spawn_45"
"< 3411.91, -2015.36, 1104.08>","< 0, 41.8977, 0>"  ,"spawn_46"
"< 3824.2, -1746.71, 1104.12>","< 0, -160.324, 0>"  ,"spawn_47"
"< 4049.99, -550.335, 1007.29>","< 0, 41.579, 0>"  ,"spawn_48"
"< 4434.92, -164.991, 939.391>","< 0, -127.715, 0>"  ,"spawn_49"
vector,vector,string
