"groupRef","entryRef","entryDistribution","groupTier","priority"
"","",0,0,0
"Zone_Low","",0,1,0
"","Weapon_Low",20.5,0,0
"","ammo",13,0,0
"","Health_Small",10,0,0
"","Health_Large",4,0,0
"","ordnance",12,0,0
"","Attachment_Low",14.9,0,0
"","Backpack_Low",1,0,0
"","Incapshield_Low",0.5,0,0
"","Survival_Items",0.4,0,0
"","augments",0.4,0,0
"","blank",14,0,0
"","",0,0,0
"Zone_Medium","",0,2,0
"","Weapon_Medium",20.5,0,0
"","ammo",13,0,0
"","Health_Small",9,0,0
"","Health_Large",5,0,0
"","ordnance",11,0,0
"","Attachment_Medium",14.7,0,0
"","Backpack_Medium",1.1,0,0
"","Incapshield_Medium",0.5,0,0
"","Survival_Items",1,0,0
"","augments",0.4,0,0
"","blank",14,0,0
"","",0,0,0
"Zone_High","",0,3,0
"","Weapon_High",20.5,0,0
"","ammo",13,0,0
"","Health_Small",7.5,0,0
"","Health_Large",5.5,0,0
"","ordnance",9,0,0
"","Attachment_High",15.3,0,0
"","Backpack_High",1.1,0,0
"","Incapshield_High",1,0,0
"","Survival_Items",1,0,0
"","augments",0.5,0,0
"","blank",10.5,0,0
"","",0,0,0
"honeypot","",0,0,0
"","Attachment_L1",8,0,0
"","Attachment_L2",27,0,0
"","Attachment_L3",16,0,0
"","Attachment_L4",0,0,0
"","corrupted_attachments",6,0,0
"","Backpack_2",4,0,0
"","Backpack_3",6,0,0
"","augments",17,0,0
"","hopup_points_pickup",8,0,0
"","mp_pickup_xp_cache",8,0,0
"","mp_pickup_xp_cache_large",0,0,0
"","",0,0,0
"honeypot_super","",0,0,0
"","Attachment_L1",0,0,0
"","Attachment_L2",25,0,0
"","Attachment_L3",31,0,0
"","Attachment_L4",0,0,0
"","corrupted_attachments",10,0,0
"","Backpack_2",0,0,0
"","Backpack_3",8,0,0
"","top_tier_health",100,0,0
"","hopup_points_pickup",0,0,0
"","mp_pickup_xp_cache",0,0,0
"","mp_pickup_xp_cache_large",7,0,0
"","",0,0,0
"essentials","",0,0,0
"","Backpack_3",13,0,0
"","Backpack_2",7,0,0
"","Weapon_High",30,0,0
"","Health_High",20,0,0
"","augments",10,0,0
"","",0,0,0
"Zone_Extra_Low_Ranked","",0,3,0
"","Weapon_Low",20.5,0,0
"","ammo",13,0,0
"","Health_Small",10,0,0
"","Health_Large",4,0,0
"","ordnance",12,0,0
"","Attachment_Low",14.9,0,0
"","Helmet_Low",0.5,0,0
"","Backpack_Low",1,0,0
"","Incapshield_Low",0.5,0,0
"","Survival_Items",0.4,0,0
"","augments",0.15,0,0
"","blank",26,0,0
"","",0,0,0
"Zone_Low_Ranked","",0,3,0
"","Weapon_Low",20.5,0,0
"","ammo",13,0,0
"","Health_Small",10,0,0
"","Health_Large",4,0,0
"","ordnance",12,0,0
"","Attachment_Low",14.9,0,0
"","Helmet_Low",0.5,0,0
"","Backpack_Low",1,0,0
"","Incapshield_Low",0.5,0,0
"","Survival_Items",0.4,0,0
"","augments",0.2,0,0
"","blank",19.5,0,0
"","",0,0,0
"Zone_Medium_Ranked","",0,3,0
"","Weapon_Medium",20.5,0,0
"","ammo",13,0,0
"","Health_Small",9,0,0
"","Health_Large",5,0,0
"","ordnance",11,0,0
"","Attachment_Medium",14.7,0,0
"","Helmet_Medium",0.5,0,0
"","Backpack_Medium",1,0,0
"","Incapshield_Medium",0.5,0,0
"","Survival_Items",1,0,0
"","augments",0.28,0,0
"","blank",13,0,0
"","",0,0,0
"Zone_High_Ranked","",0,3,0
"","Weapon_High",20.5,0,0
"","ammo",13,0,0
"","Health_Small",7.5,0,0
"","Health_Large",5.5,0,0
"","ordnance",9,0,0
"","Attachment_Medium",15.3,0,0
"","Helmet_High",1,0,0
"","Backpack_High",1,0,0
"","Incapshield_High",0.75,0,0
"","Survival_Items",1,0,0
"","augments",0.37,0,0
"","blank",6.5,0,0
"","",0,0,0
"Zone_Extra_High_Ranked","",0,3,0
"","Weapon_High",20.5,0,0
"","ammo",13,0,0
"","Health_Small",6.5,0,0
"","Health_Large",6.5,0,0
"","ordnance",8,0,0
"","Attachment_High",15.3,0,0
"","Helmet_High",3,0,0
"","Backpack_High",1,0,0
"","Incapshield_High",1,0,0
"","Survival_Items",2,0,0
"","augments",0.5,0,0
"","blank",0,0,0
"","",0,0,0
"Zone_Ultra_High_Ranked","",0,3,0
"","Weapon_High",20.5,0,0
"","ammo",13,0,0
"","Health_Small",5,0,0
"","Health_Large",8,0,0
"","ordnance",8,0,0
"","Attachment_High",20,0,0
"","Helmet_High",3,0,0
"","Backpack_High",5,0,0
"","Incapshield_High",2,0,0
"","Survival_Items",2,0,0
"","augments",1,0,0
"","blank",0,0,0
"","",0,0,0
"POI_High","",0,3,300
"","Weapon_High",50,0,0
"","Health_High",30,0,0
"","",0,0,0
"POI_Ultra","",0,3,300
"","Backpack_3",13,0,0
"","Backpack_2",7,0,0
"","Weapon_High",30,0,0
"","Health_High",20,0,0
"","augments",10,0,0
"","",0,0,0
"POI_OctaneTT","",0,0,300
"","corrupted_attachments",2,0,0
"","Attachment_L3",25,0,0
"","backpack_pickup_lv3",10,0,0
"","gold_weapons",1,0,0
"","augments",10,0,0
"","",0,0,0
"Zone_HotZone","",0,3,200
"","Weapon_Medium",28,0,0
"","ammo",8,0,0
"","Health_High",14,0,0
"","ordnance",8,0,0
"","Attachment_High",14.65,0,0
"","Helmet_High",3,0,0
"","Backpack_High",1.2,0,0
"","Incapshield_High",2,0,0
"","Survival_Items",2,0,0
"","augments",1,0,0
"","blank",9.2,0,0
"","",0,0,0
"POI_HotZone_Weapon","",0,3,400
"","Attachment_L4",20,0,0
"","gold_weapons",80,0,0
"","",0,0,0
"POI_HotZone_Item","",0,3,400
"","armor_pickup_lv3_evolving",5,0,0
"","helmet_pickup_lv3",5,0,0
"","backpack_pickup_lv3",5,0,0
"","incapshield_pickup_lv3",5,0,0
"","armor_pickup_lv4_all_fast",16,0,0
"","helmet_pickup_lv4_abilities",0,0,0
"","backpack_pickup_lv4_revive_boost",10,0,0
"","incapshield_pickup_lv4_selfrevive",24,0,0
"","",0,0,0
"POI_HotZone_Attachments","",0,3,400
"","bullets_mag_l3",8,0,0
"","bullets_mag_l4",5,0,0
"","highcal_mag_l3",8,0,0
"","highcal_mag_l4",5,0,0
"","energy_mag_l3",8,0,0
"","energy_mag_l4",5,0,0
"","sniper_mag_l3",8,0,0
"","sniper_mag_l4",3,0,0
"","shotgun_bolt_l3",8,0,0
"","shotgun_bolt_l4",5,0,0
"","stock_tactical_l3",8,0,0
"","stock_sniper_l3",8,0,0
"","stock_sniper_l4",5,0,0
"","barrel_stabilizer_l3",5,0,0
"","laser_sight_l3",8,0,0
"","Hopup_Purple",0,0,0
"","Hopup_Gold",4,0,0
"","optic_ranged_hcog",6,0,0
"","optic_ranged_aog_variable",5,0,0
"","",0,0,0
"Building_Shack_Ultra_Low","",0,0,0
// entry disabled in survival_loot: "","health_1",10,0,0
"","ammo",10,0,0
"","ordnance",10,0,0
"","optic_cq_hcog_classic",4,0,0
"","optic_cq_holosight",0,0,0
"","Attachment_Low",4,0,0
"","mp_weapon_semipistol",3,0,0
"","mp_weapon_alternator_smg",4,0,0
"","mp_weapon_shotgun",3,0,0
"","mp_weapon_autopistol_fusion",4,0,0
"","mp_weapon_shotgun_pistol",4,0,0
"","health_pickup_ultimate",6,0,0
"","Zone_Low",10,0,0
"","blank",24,0,0
"","",0,0,0
"crate_weapons_earlygame","",0,3,0
"","mp_weapon_3030_crate",35,0,0
"","mp_weapon_sniper",10,0,0
"","mp_weapon_lstar_crate",35,0,0
"","",0,0,0
"crate_weapons_midgame","",0,3,0
"","mp_weapon_3030_crate",25,0,0
"","mp_weapon_sniper",25,0,0
"","mp_weapon_lstar_crate",25,0,0
"","",0,0,0
"crate_weapons_lategame","",0,3,0
"","mp_weapon_3030_crate",25,0,0
"","mp_weapon_sniper",25,0,0
"","mp_weapon_lstar_crate",25,0,0
"","",0,0,0
"crate_weapons_sword","",0,0,0
"","mp_weapon_titan_sword",100,0,0
"","",0,0,0
"crate_jackpot_items","",0,3,0
"","mp_pickup_xp_cache_dynamic",10,0,0
"","top_tier_inventory",3,0,0
"","top_tier_health",100,0,0
"","",0,0,0
"white_kitted_weapons","",0,3,0
"","mp_weapon_wingman_whiteset",7,0,0
"","mp_weapon_semipistol_akimbo_whiteset",7,0,0
"","mp_weapon_autopistol_fusion_whiteset",7,0,0
"","mp_weapon_shotgun_pistol_akimbo_whiteset",7,0,0
"","mp_weapon_shotgun_whiteset",7,0,0
"","mp_weapon_alternator_smg_whiteset",7,0,0
"","mp_weapon_g2_whiteset",7,0,0
"","mp_weapon_energy_shotgun_whiteset",7,0,0
"","mp_weapon_mastiff_whiteset",7,0,0
"","mp_weapon_r97_whiteset",7,0,0
"","mp_weapon_pdw_whiteset",7,0,0
"","mp_weapon_vinson_whiteset",7,0,0
"","mp_weapon_auto_hemlok_whiteset",7,0,0
"","mp_weapon_rspn101_whiteset",7,0,0
"","mp_weapon_energy_ar_whiteset",7,0,0
"","mp_weapon_esaw_whiteset",7,0,0
"","mp_weapon_lmg_whiteset",7,0,0
"","mp_weapon_dmr_whiteset",7,0,0
"","mp_weapon_doubletake_whiteset",7,0,0
"","mp_weapon_sentinel_whiteset",7,0,0
"","mp_weapon_defender_whiteset",7,0,0
"","mp_weapon_volt_smg_whiteset",7,0,0
"","mp_weapon_bow_whiteset",7,0,0
"","mp_weapon_nemesis_whiteset",7,0,0
"","mp_weapon_dragon_lmg_whiteset",7,0,0
"","mp_weapon_car_whiteset",7,0,0
"","",0,0,0
"blue_kitted_weapons","",0,3,0
"","mp_weapon_wingman_blueset",7,0,0
"","mp_weapon_semipistol_akimbo_blueset",7,0,0
"","mp_weapon_autopistol_fusion_blueset",7,0,0
"","mp_weapon_shotgun_pistol_akimbo_blueset",7,0,0
"","mp_weapon_shotgun_blueset",7,0,0
"","mp_weapon_alternator_smg_blueset",7,0,0
"","mp_weapon_g2_blueset",7,0,0
"","mp_weapon_energy_shotgun_blueset",7,0,0
"","mp_weapon_mastiff_blueset",7,0,0
"","mp_weapon_r97_blueset",7,0,0
"","mp_weapon_pdw_blueset",7,0,0
"","mp_weapon_vinson_blueset",7,0,0
"","mp_weapon_auto_hemlok_blueset",7,0,0
"","mp_weapon_rspn101_blueset",7,0,0
"","mp_weapon_energy_ar_blueset",7,0,0
"","mp_weapon_esaw_blueset",7,0,0
"","mp_weapon_lmg_blueset",7,0,0
"","mp_weapon_dmr_blueset",7,0,0
"","mp_weapon_doubletake_blueset",7,0,0
"","mp_weapon_sentinel_blueset",7,0,0
"","mp_weapon_defender_blueset",7,0,0
"","mp_weapon_volt_smg_blueset",7,0,0
"","mp_weapon_bow_blueset",7,0,0
"","mp_weapon_nemesis_blueset",7,0,0
"","mp_weapon_dragon_lmg_blueset",7,0,0
"","mp_weapon_car_blueset",7,0,0
"","",0,0,0
"purple_kitted_weapons","",0,3,0
"","mp_weapon_wingman_purpleset",7,0,0
"","mp_weapon_semipistol_akimbo_purpleset",7,0,0
"","mp_weapon_autopistol_fusion_purpleset",7,0,0
"","mp_weapon_shotgun_pistol_akimbo_purpleset",7,0,0
"","mp_weapon_shotgun_purpleset",7,0,0
"","mp_weapon_alternator_smg_purpleset",7,0,0
"","mp_weapon_g2_purpleset",7,0,0
"","mp_weapon_energy_shotgun_purpleset",7,0,0
"","mp_weapon_mastiff_purpleset",7,0,0
"","mp_weapon_r97_purpleset",7,0,0
"","mp_weapon_pdw_purpleset",7,0,0
"","mp_weapon_vinson_purpleset",7,0,0
"","mp_weapon_auto_hemlok_purpleset",7,0,0
"","mp_weapon_rspn101_purpleset",7,0,0
"","mp_weapon_energy_ar_purpleset",7,0,0
"","mp_weapon_esaw_purpleset",7,0,0
"","mp_weapon_lmg_purpleset",7,0,0
"","mp_weapon_dmr_purpleset",7,0,0
"","mp_weapon_doubletake_purpleset",7,0,0
"","mp_weapon_sentinel_purpleset",7,0,0
"","mp_weapon_defender_purpleset",7,0,0
"","mp_weapon_volt_smg_purpleset",7,0,0
"","mp_weapon_bow_purpleset",7,0,0
"","mp_weapon_nemesis_purpleset",7,0,0
"","mp_weapon_dragon_lmg_purpleset",7,0,0
"","mp_weapon_car_purpleset",7,0,0
"","",0,0,0
"gold_weapons","",0,3,0
"","gold_kitted_weapons",100,0,0
"","",0,0,0
"gold_kitted_weapons","",0,3,0
"","mp_weapon_wingman_gold",7,0,0
"","mp_weapon_semipistol_akimbo_gold",7,0,0
"","mp_weapon_autopistol_fusion_gold",7,0,0
"","mp_weapon_shotgun_pistol_akimbo_gold",7,0,0
"","mp_weapon_shotgun_gold",7,0,0
"","mp_weapon_alternator_smg_gold",7,0,0
"","mp_weapon_g2_gold",7,0,0
"","mp_weapon_energy_shotgun_gold",7,0,0
"","mp_weapon_mastiff_gold",7,0,0
"","mp_weapon_r97_gold",7,0,0
"","mp_weapon_pdw_gold",7,0,0
"","mp_weapon_vinson_gold",7,0,0
"","mp_weapon_auto_hemlok_gold",7,0,0
"","mp_weapon_rspn101_gold",7,0,0
"","mp_weapon_energy_ar_gold",7,0,0
"","mp_weapon_esaw_gold",7,0,0
"","mp_weapon_lmg_gold",7,0,0
"","mp_weapon_dmr_gold",7,0,0
"","mp_weapon_doubletake_gold",7,0,0
"","mp_weapon_sentinel_gold",7,0,0
"","mp_weapon_defender_gold",7,0,0
"","mp_weapon_volt_smg_gold",7,0,0
"","mp_weapon_bow_gold",7,0,0
"","mp_weapon_nemesis_gold",7,0,0
"","mp_weapon_dragon_lmg_gold",7,0,0
"","mp_weapon_car_gold",7,0,0
"","",0,0,0
"top_tier_inventory","",0,3,0
"","backpack_pickup_lv3",6,0,0
"","incapshield_pickup_lv3",6,0,0
"","top_tier_health",100,0,0
"","health_pickup_combo_full",6,0,0
"","Hopup_Gold",12,0,0
"","shotgun_bolt_l3",6,0,0
"","highcal_mag_l3",6,0,0
"","energy_mag_l3",6,0,0
"","sniper_mag_l3",4,0,0
"","stock_sniper_l3",6,0,0
"","bullets_mag_l3",6,0,0
"","stock_tactical_l3",6,0,0
"","laser_sight_l3",6,0,0
"","barrel_stabilizer_l3",6,0,0
"","optic_sniper_threat",10,0,0
"","optic_cq_threat",0,0,0
"","optic_ranged_aog_variable",10,0,0
"","optic_sniper_variable",10,0,0
"","mp_ability_void_ring",0,0,0
"","mp_ability_redeploy_balloon",2,0,0
"","",0,0,0
"top_tier_health","",0,3,0
"","health_pickup_combo_full",19,0,0
"","health_pickup_combo_large",33,0,0
"","health_pickup_health_large",33,0,0
"","mp_ability_void_ring",0,0,0
"","mp_ability_redeploy_balloon",15,0,0
"","mp_ability_mobile_respawn_beacon",15,0,0
"","",0,0,0
"Survival_Items","",0,0,0
"","mp_ability_void_ring",0,0,0
"","mp_ability_redeploy_balloon",60,0,0
"","mp_ability_mobile_respawn_beacon",40,0,0
"","",0,0,0
"gold_any","",0,0,0
"","gold_items",60,0,0
"","gold_weapons",40,0,0
"","",0,0,0
"gold_items","",0,0,0
"","armor_pickup_lv4_all_fast",6,0,0
"","helmet_pickup_lv4_abilities",0,0,0
"","backpack_pickup_lv4_revive_boost",36,0,0
"","incapshield_pickup_lv4_selfrevive",10,0,0
"","",0,0,0
"Armor_Low","",0,1,0
"","Armor_1",60,0,0
"","Armor_2",22.4,0,0
"","Armor_3",5.6,0,0
"","",0,0,0
"Armor_Medium","",0,2,0
"","Armor_1",47,0,0
"","Armor_2",30.8,0,0
"","Armor_3",6.3,0,0
"","",0,0,0
"Armor_High","",0,3,0
"","Armor_1",38,0,0
"","Armor_2",35,0,0
"","Armor_3",8.4,0,0
"","",0,0,0
"Armor_High_nogold","",0,3,0
"","Armor_1",37,0,0
"","Armor_2",52,0,0
"","Armor_3_nogold",11,0,0
"","",0,0,0
"Armor_3_nogold","",0,3,0
"","armor_pickup_lv3_evolving",100,0,0
"","",0,0,0
"Helmet_Low","",0,1,0
"","Helmet_2",80,0,0
"","Helmet_3",20,0,0
"","",0,0,0
"Helmet_Medium","",0,2,0
"","Helmet_2",79,0,0
"","Helmet_3",21,0,0
"","",0,0,0
"Helmet_High","",0,3,0
"","Helmet_2",77,0,0
"","Helmet_3",23,0,0
"","",0,0,0
"Helmet_High_nogold","",0,3,0
"","Helmet_2",77,0,0
"","Helmet_3_nogold",23,0,0
"","",0,0,0
"Helmet_3_nogold","",0,3,0
"","helmet_pickup_lv3",100,0,0
"","",0,0,0
"Backpack_Low","",0,1,0
"","Backpack_2",94,0,0
"","Backpack_3",6,0,0
"","",0,0,0
"Backpack_Medium","",0,2,0
"","Backpack_2",92,0,0
"","Backpack_3",8,0,0
"","",0,0,0
"Backpack_High","",0,3,0
"","Backpack_2",90,0,0
"","Backpack_3",10,0,0
"","",0,0,0
"Backpack_High_nogold","",0,3,0
"","Backpack_2",82,0,0
"","Backpack_3_nogold",18,0,0
"","",0,0,0
"Backpack_3_nogold","",0,3,0
"","backpack_pickup_lv3",100,0,0
"","",0,0,0
"Incapshield_Low","",0,1,0
"","Incapshield_2",80,0,0
"","Incapshield_3",20,0,0
"","",0,0,0
"Incapshield_Medium","",0,2,0
"","Incapshield_2",79,0,0
"","Incapshield_3",21,0,0
"","",0,0,0
"Incapshield_High","",0,3,0
"","Incapshield_2",77,0,0
"","Incapshield_3",23,0,0
"","",0,0,0
"Incapshield_High_nogold","",0,3,0
"","Incapshield_2",77,0,0
"","Incapshield_3_nogold",23,0,0
"","",0,0,0
"Incapshield_3_nogold","",0,3,0
"","incapshield_pickup_lv3",100,0,0
"","",0,0,0
"Armor_3","",0,3,0
"","armor_pickup_lv3_evolving",99.25,0,0
"","armor_pickup_lv4_all_fast",0.75,0,0
"","",0,0,0
"Armor_2","",0,2,0
"","armor_pickup_lv2_evolving",100,0,0
"","",0,0,0
"Armor_1","",0,1,0
"","armor_pickup_lv1_evolving",100,0,0
"","",0,0,0
"Helmet_3","",0,3,0
"","helmet_pickup_lv3",100,0,0
"","helmet_pickup_lv4_abilities",0,0,0
"","",0,0,0
"Helmet_2","",0,2,0
"","helmet_pickup_lv2",100,0,0
"","",0,0,0
"Helmet_1","",0,2,0
"","helmet_pickup_lv1",100,0,0
"","",0,0,0
"Backpack_3","",0,3,0
"","backpack_pickup_lv3",99.25,0,0
"","backpack_pickup_lv4_revive_boost",0.75,0,0
"","",0,0,0
"Backpack_2","",0,2,0
"","backpack_pickup_lv2",100,0,0
"","",0,0,0
"Backpack_1","",0,1,0
"","",0,0,0
"Incapshield_3","",0,3,0
"","incapshield_pickup_lv3",99.25,0,0
"","incapshield_pickup_lv4_selfrevive",0.75,0,0
"","",0,0,0
"Incapshield_2","",0,2,0
"","incapshield_pickup_lv2",100,0,0
"","",0,0,0
"Incapshield_1","",0,2,0
"","incapshield_pickup_lv1",100,0,0
"","",0,0,0
"Weapon_UltraLow","",0,1,0
"","mp_weapon_wingman",0,0,0
"","mp_weapon_semipistol",20,0,0
"","mp_weapon_autopistol_fusion",20,0,0
"","mp_weapon_shotgun_pistol",20,0,0
"","mp_weapon_shotgun",20,0,0
"","mp_weapon_energy_shotgun",0,0,0
"","mp_weapon_mastiff",0,0,0
"","mp_weapon_alternator_smg",20,0,0
"","mp_weapon_r97",0,0,0
"","mp_weapon_pdw",0,0,0
"","mp_weapon_vinson",0,0,0
"","mp_weapon_auto_hemlok",0,0,0
"","mp_weapon_rspn101",0,0,0
"","mp_weapon_energy_ar",0,0,0
"","mp_weapon_esaw",0,0,0
"","mp_weapon_lmg",0,0,0
"","mp_weapon_g2",0,0,0
"","mp_weapon_dmr",0,0,0
"","mp_weapon_doubletake",0,0,0
"","mp_weapon_defender",0,0,0
"","mp_weapon_sentinel",0,0,0
"","mp_weapon_volt_smg",0,0,0
"","mp_weapon_nemesis",0,0,0
"","mp_weapon_bow",0,0,0
"","",0,0,0
"Weapon_Low","",0,1,0
"","mp_weapon_wingman",5,0,0
"","mp_weapon_semipistol",10,0,0
"","mp_weapon_autopistol_fusion",9,0,0
"","mp_weapon_shotgun_pistol",12,0,0
"","mp_weapon_shotgun",5,0,0
"","mp_weapon_energy_shotgun",3,0,0
"","mp_weapon_mastiff",5,0,0
"","mp_weapon_alternator_smg",10,0,0
"","mp_weapon_r97",4,0,0
"","mp_weapon_pdw",5,0,0
"","mp_weapon_vinson",5,0,0
"","mp_weapon_auto_hemlok",5,0,0
"","mp_weapon_rspn101",5,0,0
"","mp_weapon_energy_ar",5,0,0
"","mp_weapon_esaw",1,0,0
"","mp_weapon_lmg",3,0,0
"","mp_weapon_g2",3,0,0
"","mp_weapon_dmr",2,0,0
"","mp_weapon_doubletake",3,0,0
"","mp_weapon_defender",2,0,0
"","mp_weapon_sentinel",2,0,0
"","mp_weapon_volt_smg",4,0,0
"","mp_weapon_bow",3,0,0
"","mp_weapon_dragon_lmg",3,0,0
"","mp_weapon_car",4,0,0
"","mp_weapon_nemesis",5,0,0
"","",0,0,0
"Weapon_Medium","",0,2,0
"","mp_weapon_wingman",5,0,0
"","mp_weapon_semipistol",9,0,0
"","mp_weapon_autopistol_fusion",9,0,0
"","mp_weapon_shotgun_pistol",10,0,0
"","mp_weapon_shotgun",5,0,0
"","mp_weapon_energy_shotgun",3,0,0
"","mp_weapon_mastiff",3,0,0
"","mp_weapon_alternator_smg",9,0,0
"","mp_weapon_r97",6,0,0
"","mp_weapon_pdw",6,0,0
"","mp_weapon_vinson",5,0,0
"","mp_weapon_auto_hemlok",5,0,0
"","mp_weapon_rspn101",5,0,0
"","mp_weapon_energy_ar",5,0,0
"","mp_weapon_esaw",2,0,0
"","mp_weapon_lmg",4,0,0
"","mp_weapon_g2",4,0,0
"","mp_weapon_dmr",3,0,0
"","mp_weapon_defender",3,0,0
"","mp_weapon_doubletake",4,0,0
"","mp_weapon_sentinel",3,0,0
"","mp_weapon_volt_smg",6,0,0
"","mp_weapon_bow",4,0,0
"","mp_weapon_dragon_lmg",4,0,0
"","mp_weapon_car",6,0,0
"","mp_weapon_nemesis",5,0,0
"","",0,0,0
"Weapon_High","",0,3,0
"","mp_weapon_wingman",4,0,0
"","mp_weapon_semipistol",8,0,0
"","mp_weapon_autopistol_fusion",7,0,0
"","mp_weapon_shotgun_pistol",10,0,0
"","mp_weapon_shotgun",5,0,0
"","mp_weapon_energy_shotgun",5,0,0
"","mp_weapon_mastiff",3,0,0
"","mp_weapon_alternator_smg",8,0,0
"","mp_weapon_r97",4,0,0
"","mp_weapon_pdw",4,0,0
"","mp_weapon_vinson",5,0,0
"","mp_weapon_auto_hemlok",5,0,0
"","mp_weapon_rspn101",5,0,0
"","mp_weapon_energy_ar",5,0,0
"","mp_weapon_esaw",2,0,0
"","mp_weapon_lmg",4,0,0
"","mp_weapon_g2",4,0,0
"","mp_weapon_dmr",2,0,0
"","mp_weapon_defender",3,0,0
"","mp_weapon_doubletake",4,0,0
"","mp_weapon_sentinel",3,0,0
"","mp_weapon_volt_smg",4,0,0
"","mp_weapon_bow",5,0,0
"","mp_weapon_dragon_lmg",5,0,0
"","mp_weapon_car",5,0,0
"","mp_weapon_nemesis",5,0,0
"","",0,0,0
"augments","",0,2,0
// entry disabled in survival_loot: "","augment_infinite_ammo",8,0,0
// entry disabled in survival_loot: "","augment_battery_printer",28,0,0
// entry disabled in survival_loot: "","augment_heal_overflow",28,0,0
// entry disabled in survival_loot: "","augment_legend_expert",28,0,0
// entry disabled in survival_loot: "","augment_armor_overflow",8,0,0
"","",0,0,0
"augments_post_reset","",0,0,0
// entry disabled in survival_loot: "","augment_infinite_ammo",5,0,0
// entry disabled in survival_loot: "","augment_battery_printer",5,0,0
// entry disabled in survival_loot: "","augment_heal_overflow",5,0,0
// entry disabled in survival_loot: "","augment_legend_expert",5,0,0
// entry disabled in survival_loot: "","augment_armor_overflow",5,0,0
"","",0,0,0
"augments_support","",0,0,0
// entry disabled in survival_loot: "","augment_battery_printer",5,0,0
// entry disabled in survival_loot: "","augment_heal_overflow",5,0,0
"","",0,0,0
"augments_support_post_reset","",0,0,0
// entry disabled in survival_loot: "","augment_battery_printer",5,0,0
// entry disabled in survival_loot: "","augment_heal_overflow",5,0,0
"","",0,0,0
"augments_assault","",0,0,0
// entry disabled in survival_loot: "","augment_armor_overflow",1,0,0
// entry disabled in survival_loot: "","augment_infinite_ammo",1,0,0
// entry disabled in survival_loot: "","augment_legend_expert",5,0,0
"","",0,0,0
"augments_assault_post_reset","",0,0,0
// entry disabled in survival_loot: "","augment_armor_overflow",3,0,0
// entry disabled in survival_loot: "","augment_infinite_ammo",5,0,0
// entry disabled in survival_loot: "","augment_legend_expert",5,0,0
"","",0,0,0
"augments_gold_bin","",0,0,0
// entry disabled in survival_loot: "","augment_infinite_ammo",5,0,0
// entry disabled in survival_loot: "","augment_battery_printer",2,0,0
// entry disabled in survival_loot: "","augment_heal_overflow",2,0,0
// entry disabled in survival_loot: "","augment_legend_expert",2,0,0
// entry disabled in survival_loot: "","augment_armor_overflow",5,0,0
"","",0,0,0
"ammo","",0,0,0
"","bullet",26,0,0
"","shotgun",6,0,0
"","highcal",28,0,0
"","special",23,0,0
"","sniper",17,0,0
"","",0,0,0
"Health_Small","",0,0,0
"","health_pickup_health_small",42,0,0
"","health_pickup_combo_small",58,0,0
"","",0,0,0
"Health_Large","",0,0,0
"","health_pickup_combo_full",11,0,0
"","health_pickup_combo_large",48,0,0
"","health_pickup_health_large",41,0,0
"","",0,0,0
"Health_Low","",0,1,0
"","health_pickup_combo_full",3,0,0
"","health_pickup_health_small",33,0,0
"","health_pickup_combo_small",45,0,0
"","health_pickup_combo_large",10,0,0
"","health_pickup_health_large",9,0,0
"","",0,0,0
"Health_Medium","",0,2,0
"","health_pickup_combo_full",3,0,0
"","health_pickup_health_small",30,0,0
"","health_pickup_combo_small",40,0,0
"","health_pickup_combo_large",14,0,0
"","health_pickup_health_large",13,0,0
"","",0,0,0
"Health_High","",0,3,0
"","health_pickup_combo_full",6,0,0
"","health_pickup_health_small",28,0,0
"","health_pickup_combo_small",39,0,0
"","health_pickup_combo_large",14,0,0
"","health_pickup_health_large",13,0,0
"","",0,0,0
"Health_1","",0,1,0
"","health_pickup_combo_small",75,0,0
"","health_pickup_health_small",25,0,0
"","",0,0,0
"Health_2","",0,2,0
"","health_pickup_combo_large",75,0,0
"","health_pickup_health_large",25,0,0
"","",0,0,0
"Health_3","",0,3,0
"","health_pickup_combo_full",100,0,0
"","",0,0,0
"ordnance","",0,0,0
"","mp_weapon_thermite_grenade",30,0,0
"","mp_weapon_frag_grenade",30,0,0
"","mp_weapon_grenade_emp",30,0,0
"","health_pickup_ultimate",3,0,0
"","",0,0,0
"ordnance_drops","",0,0,0
"","mp_weapon_thermite_grenade",40,0,0
"","mp_weapon_frag_grenade",40,0,0
"","mp_weapon_grenade_emp",20,0,0
"","",0,0,0
"Attachment_Optics","",0,0,0
"","optic_cq_hcog_classic",10,0,0
"","optic_cq_hcog_bruiser",4,0,0
"","optic_cq_holosight_variable",2,0,0
"","optic_ranged_hcog",3,0,0
"","optic_ranged_aog_variable",2,0,0
"","optic_sniper",2,0,0
"","optic_sniper_variable",2,0,0
"","",0,0,0
"Attachment_Low","",0,1,0
"","Attachment_Optics",25,0,0
"","Attachment_L1",47,0,0
"","Attachment_L2",25,0,0
"","Attachment_L3",3,0,0
"","Attachment_L4",0,0,0
"","corrupted_attachments",1,0,0
"","",0,0,0
"Attachment_Medium","",0,1,0
"","Attachment_Optics",25,0,0
"","Attachment_L1",40,0,0
"","Attachment_L2",30,0,0
"","Attachment_L3",5,0,0
"","Attachment_L4",0,0,0
"","corrupted_attachments",1.5,0,0
"","",0,0,0
"Attachment_High","",0,1,0
"","Attachment_Optics",25,0,0
"","Attachment_L1",33,0,0
"","Attachment_L2",35,0,0
"","Attachment_L3",7,0,0
"","Attachment_L4",0,0,0
"","corrupted_attachments",2,0,0
"","",0,0,0
"Attachment_Ultra_High","",0,3,0
"","Attachment_Optics",25,0,0
"","Attachment_L1",30,0,0
"","Attachment_L2",35,0,0
"","Attachment_L3",10,0,0
"","Attachment_L4",0,0,0
"","corrupted_attachments",4,0,0
"","",0,0,0
"Hopup_Purple","",0,0,0
"","hopup_kinetic_loader",34,0,0
"","hopup_smart_reload",33,0,0
"","hopup_double_tap",0,0,0
"","",0,0,0
"Hopup_Gold","",0,0,0
"","hopup_shield_breaker",34,0,0
"","hopup_unshielded_dmg",33,0,0
"","hopup_shatter_rounds",33,0,0
"","",0,0,0
"Assault_Bin_Attachment_High","",0,0,0
"","bullets_mag_l2",4,0,0
"","highcal_mag_l2",4,0,0
"","energy_mag_l2",4,0,0
"","sniper_mag_l2",2.8,0,0
"","shotgun_bolt_l2",3.2,0,0
"","stock_tactical_l2",4,0,0
"","stock_sniper_l2",3.2,0,0
"","laser_sight_l2",4,0,0
"","barrel_stabilizer_l2",4,0,0
"","bullets_mag_l3",1.4,0,0
"","highcal_mag_l3",1.4,0,0
"","energy_mag_l3",1.4,0,0
"","sniper_mag_l3",1,0,0
"","shotgun_bolt_l3",1.2,0,0
"","stock_tactical_l3",1,0,0
"","stock_sniper_l3",0.8,0,0
"","laser_sight_l3",0.8,0,0
"","barrel_stabilizer_l3",0.6,0,0
"","bullets_mag_l4",0.13,0,0
"","highcal_mag_l4",0.13,0,0
"","energy_mag_l4",0.13,0,0
"","sniper_mag_l4",0.13,0,0
"","shotgun_bolt_l4",0.13,0,0
"","stock_sniper_l4",0.13,0,0
"","laser_sight_l4",0.13,0,0
"","Hopup_Purple",0,0,0
"","Hopup_Gold",2,0,0
"","",0,0,0
"Assault_Bin_Optic","",0,0,0
"","optic_cq_hcog_classic",2,0,0
"","optic_cq_holosight",0,0,0
"","optic_cq_hcog_bruiser",3,0,0
"","optic_cq_holosight_variable",3,0,0
"","optic_ranged_hcog",3,0,0
"","optic_ranged_aog_variable",3,0,0
"","optic_sniper",2,0,0
"","optic_sniper_variable",2,0,0
"","optic_cq_threat",0,0,0
"","",0,0,0
"medic_super","",0,3,300
"","helmet_pickup_lv3",35,0,0
"","armor_pickup_lv3_evolving",35,0,0
"","incapshield_pickup_lv3",30,0,0
"","",0,0,0
"medic_super_solo","",0,3,300
"","Helmet_3",35,0,0
"","Armor_3",35,0,0
"","health_pickup_combo_full",30,0,0
"","",0,0,0
"medic_super_side","",0,1,300
"","Health_1",95,0,0
"","mp_ability_mobile_respawn_beacon",5,0,0
"","",0,0,0
"weapon_super","",0,1,300
"","Weapon_High",100,0,0
"","",0,0,0
"Tick_Epic_Items","",0,3,0
"","helmet_pickup_lv3",8,0,0
"","backpack_pickup_lv3",8,0,0
"","incapshield_pickup_lv3",8,0,0
"","augments",8,0,0
"","shotgun_bolt_l3",9,0,0
"","bullets_mag_l3",9,0,0
"","highcal_mag_l3",9,0,0
"","energy_mag_l3",9,0,0
"","sniper_mag_l3",6,0,0
"","stock_sniper_l3",9,0,0
"","stock_tactical_l3",9,0,0
"","barrel_stabilizer_l3",9,0,0
"","laser_sight_l3",9,0,0
"","",0,0,0
"loottick_static_01","",0,3,0
"","Survival_Items",25,0,0
"","Health_2",65,0,0
"","Tick_Epic_Items",10,0,0
"","",0,0,0
"loottick_static_02","",0,3,0
"","Health_2",20,0,0
"","Attachment_L2",65,0,0
"","Tick_Epic_Items",15,0,0
"","",0,0,0
"loottick_static_03","",0,3,0
"","gold_weapons",1,0,0
"","corrupted_attachments",4,0,0
"","Tick_Epic_Items",95,0,0
"","",0,0,0
"care_package_1_L","",0,0,0
"","top_tier_health",0,0,0
"","mp_pickup_xp_cache_dynamic",100,0,0
"","",0,0,0
"care_package_1_R","",0,0,0
"","top_tier_health",100,0,0
"","",0,0,0
"care_package_1_C","",0,0,0
"","crate_jackpot_items",0,0,0
"","crate_weapons_earlygame",0,0,0
"","gold_weapons",100,0,0
"","crate_weapons_valentines",0,0,0
"","",0,0,0
"care_package_1_Cb","",0,0,0
"","gold_weapons",5,0,0
"","Weapon_High",95,0,0
"","",0,0,0
"care_package_2_L","",0,0,0
"","corrupted_attachments",50,0,0
"","mp_pickup_xp_cache_dynamic",50,0,0
"","",0,0,0
"care_package_2_R","",0,0,0
"","top_tier_health",100,0,0
"","",0,0,0
"care_package_2_C","",0,0,0
"","crate_jackpot_items",0,0,0
"","crate_weapons_midgame",100,0,0
"","crate_weapons_valentines",0,0,0
"","",0,0,0
"care_package_2_Cb","",0,0,0
"","gold_weapons",25,0,0
"","Weapon_High",75,0,0
"","",0,0,0
"care_package_3_L","",0,0,0
"","corrupted_attachments",40,0,0
"","mp_pickup_xp_cache_dynamic",60,0,0
"","",0,0,0
"care_package_3_R","",0,0,0
"","top_tier_health",100,0,0
"","",0,0,0
"care_package_3_C","",0,0,0
"","crate_jackpot_items",0,0,0
"","crate_weapons_lategame",100,0,0
"","crate_weapons_valentines",0,0,0
"","",0,0,0
"care_package_3_Cb","",0,0,0
"","gold_weapons",50,0,0
"","Weapon_High",50,0,0
"","",0,0,0
"care_package_final_armor_or_health","",0,0,0
"","armor_pickup_lv4_all_fast",50,0,0
"","health_pickup_combo_full",16,0,0
"","health_pickup_combo_large",17,0,0
"","health_pickup_health_large",17,0,0
"","",0,0,0
"Desertlands_Train","",0,0,0
"","Zone_Medium",50,0,0
"","Zone_High",50,0,0
"","",0,0,0
"Desertlands_Train_Station","",0,0,0
"","Weapon_Medium",23,0,0
"","ammo",13,0,0
"","Health_Low",16,0,0
"","ordnance",12,0,0
"","Attachment_Low",18,0,0
"","Armor_Medium",8,0,0
"","Helmet_Low",1,0,0
"","Backpack_Low",8,0,0
"","Incapshield_Low",1,0,0
"","",0,0,0
"Bloodhound_Jackpot_Items","",0,3,0
"","mp_pickup_xp_cache_dynamic",6,0,0
"","Attachment_L3",12,0,0
"","Attachment_L4",12,0,0
"","corrupted_attachments",2,0,0
"","health_pickup_combo_full",1,0,0
"","optic_sniper_threat",1,0,0
"","augments",12,0,0
"","",0,0,0
"Bldg_Hovertank","",0,3,0
"","Tick_Epic_Items",0.5,0,0
"","Weapon_High",33.6,0,0
"","Zone_Hovertank_Random",65.9,0,0
"","",0,0,0
"Zone_Hovertank_Random","",0,3,0
"","ammo",7,0,0
"","Health_High",24,0,0
"","ordnance",24,0,0
"","Attachment_High",24,0,0
"","Armor_High",3,0,0
"","Helmet_High",4,0,0
"","Backpack_High",3,0,0
"","Incapshield_High",4,0,0
"","",0,0,0
"Zone_SupplyShip_Random","",0,3,0
"","ammo",10,0,0
"","Health_High",26,0,0
"","ordnance",20,0,0
"","Attachment_Low",21,0,0
"","Armor_1",23,0,0
"","",0,0,0
"SupplyShip_Bin_GoodStuff","",0,0,0
"","Armor_3",6,0,0
"","Armor_2",26,0,0
"","Helmet_3",11,0,0
"","Helmet_2",12,0,0
"","Incapshield_3",5,0,0
"","Incapshield_2",10,0,0
"","Backpack_3",6,0,0
"","Backpack_2",22,0,0
"","Incapshield_High",2,0,0
"","",0,0,0
"POI_sniper","",0,3,300
"","sniper_rifles",50,0,0
"","sniper_attachments",50,0,0
"","",0,0,0
"sniper_rifles","",0,2,300
"","mp_weapon_g2",20,0,0
"","mp_weapon_dmr",25,0,0
"","mp_weapon_defender",15,0,0
"","mp_weapon_doubletake",18,0,0
"","mp_weapon_sentinel",22,0,0
"","",0,0,0
"sniper_attachments","",0,2,300
"","optic_ranged_aog_variable",10,0,0
"","optic_sniper",10,0,0
"","optic_sniper_variable",5,0,0
"","optic_sniper_threat",1,0,0
"","bullets_mag_l1",5,0,0
"","bullets_mag_l2",5,0,0
"","bullets_mag_l3",5,0,0
"","highcal_mag_l1",5,0,0
"","highcal_mag_l2",5,0,0
"","highcal_mag_l3",5,0,0
"","energy_mag_l1",5,0,0
"","energy_mag_l2",5,0,0
"","energy_mag_l3",5,0,0
"","sniper_mag_l1",7,0,0
"","sniper_mag_l2",7,0,0
"","sniper_mag_l3",7,0,0
"","stock_sniper_l1",5,0,0
"","stock_sniper_l2",5,0,0
"","stock_sniper_l3",5,0,0
"","barrel_stabilizer_l1",5,0,0
"","barrel_stabilizer_l2",5,0,0
"","barrel_stabilizer_l3",5,0,0
"","",0,0,0
"flyer_deathbox_all_gold","",0,0,0
"","gold_weapons",37.5,0,0
"","helmet_pickup_lv4_abilities",0,0,0
"","armor_pickup_lv4_all_fast",5,0,0
"","incapshield_pickup_lv4_selfrevive",5,0,0
"","backpack_pickup_lv4_revive_boost",10,0,0
"","optic_cq_threat",0,0,0
"","optic_sniper_threat",2.5,0,0
"","bullets_mag_l4",1.5,0,0
"","highcal_mag_l4",1.5,0,0
"","energy_mag_l4",1.5,0,0
"","sniper_mag_l4",1.5,0,0
"","stock_sniper_l4",1.5,0,0
"","laser_sight_l4",1.5,0,0
"","Hopup_Gold",5,0,0
"","",0,0,0
"flyer_deathbox_all_purple","",0,0,0
"","health_pickup_combo_full",10,0,0
"","helmet_pickup_lv3",10,0,0
"","armor_pickup_lv3_evolving",10,0,0
"","incapshield_pickup_lv3",10,0,0
"","augments",10,0,0
"","backpack_pickup_lv3",10,0,0
"","optic_ranged_hcog",2.5,0,0
"","optic_ranged_aog_variable",2.5,0,0
"","optic_sniper_variable",2.5,0,0
"","laser_sight_l3",2.5,0,0
"","barrel_stabilizer_l3",2.5,0,0
"","bullets_mag_l3",2.5,0,0
"","highcal_mag_l3",2.5,0,0
"","energy_mag_l3",2.5,0,0
"","sniper_mag_l3",1.5,0,0
"","shotgun_bolt_l3",2.5,0,0
"","stock_tactical_l3",2.5,0,0
"","stock_sniper_l3",2.5,0,0
"","Hopup_Purple",0,0,0
"","",0,0,0
"flyer_deathbox_all_blue","",0,0,0
"","health_pickup_health_large",10,0,0
"","health_pickup_combo_large",5,0,0
"","helmet_pickup_lv2",10,0,0
"","armor_pickup_lv2_evolving",10,0,0
"","incapshield_pickup_lv2",10,0,0
"","backpack_pickup_lv2",10,0,0
"","optic_cq_hcog_bruiser",5,0,0
"","optic_cq_holosight_variable",5,0,0
"","optic_sniper",5,0,0
"","laser_sight_l2",5,0,0
"","barrel_stabilizer_l2",5,0,0
"","bullets_mag_l2",5,0,0
"","highcal_mag_l2",2.5,0,0
"","energy_mag_l2",2.5,0,0
"","sniper_mag_l2",1.5,0,0
"","shotgun_bolt_l2",2.5,0,0
"","stock_tactical_l2",2.5,0,0
"","stock_sniper_l2",2.5,0,0
"","",0,0,0
"flyer_deathbox_weapons","",0,0,0
"","Weapon_Low",35,0,0
"","Weapon_Medium",35,0,0
"","Weapon_High",30,0,0
"","",0,0,0
"flyer_deathbox_armor","",0,0,0
"","Armor_1",35,0,0
"","Armor_2",35,0,0
"","Armor_3",30,0,0
"","",0,0,0
"flyer_deathbox_helmet","",0,0,0
"","Helmet_2",35,0,0
"","Helmet_3",30,0,0
"","",0,0,0
"flyer_deathbox_backpack","",0,0,0
"","Backpack_1",35,0,0
"","Backpack_2",35,0,0
"","Backpack_3",30,0,0
"","",0,0,0
"flyer_deathbox_incapshield","",0,0,0
"","Incapshield_2",35,0,0
"","Incapshield_3",30,0,0
"","",0,0,0
"flyer_deathbox_gadget","",0,0,0
"","mp_ability_mobile_respawn_beacon",10,0,0
"","mp_ability_void_ring",0,0,0
"","mp_ability_redeploy_balloon",30,0,0
"","",0,0,0
"flyer_deathbox_ordnance","",0,0,0
"","ordnance",100,0,0
"","",0,0,0
"flyer_deathbox_misc","",0,0,0
"","ammo",30,0,0
"","Attachment_Low",10,0,0
"","Attachment_Medium",10,0,0
"","Attachment_High",15,0,0
"","Health_Low",10,0,0
"","Health_Medium",10,0,0
"","Health_High",15,0,0
"","",0,0,0
"data_knife_vault","",0,0,300
"","honeypot",100,0,0
"","",0,0,0
"loot_roller_contents_01","",0,0,0
"","Zone_Medium",40,0,0
"","health_pickup_combo_large",30,0,0
"","health_pickup_health_large",30,0,0
"","",0,0,0
"loot_roller_contents_02","",0,0,0
"","Zone_High",97.5,0,0
"","gold_weapons",2.5,0,0
"","",0,0,0
"loot_roller_contents_03","",0,0,0
"","loot_roller_contents_common",20,0,0
"","loot_roller_contents_rare",35,0,0
"","loot_roller_contents_epic",35,0,0
"","loot_roller_contents_legendary",10,0,0
"","",0,0,0
"loot_roller_contents_common","",0,0,0
"","health_pickup_health_small",20,0,0
"","health_pickup_combo_small",20,0,0
"","optic_cq_hcog_classic",15,0,0
"","Attachment_L1",30,0,0
"","",0,0,0
"loot_roller_contents_rare","",0,0,0
"","optic_cq_hcog_bruiser",10,0,0
"","optic_cq_holosight_variable",10,0,0
"","health_pickup_health_large",10,0,0
"","health_pickup_combo_large",10,0,0
"","Attachment_L2",60,0,0
"","",0,0,0
"loot_roller_contents_epic","",0,0,0
"","backpack_pickup_lv3",10,0,0
"","augments",10,0,0
"","Attachment_L3",70,0,0
"","optic_ranged_hcog",5,0,0
"","optic_ranged_aog_variable",5,0,0
"","",0,0,0
"loot_roller_contents_legendary","",0,0,0
"","armor_pickup_lv4_all_fast",9,0,0
"","helmet_pickup_lv4_abilities",0,0,0
"","backpack_pickup_lv4_revive_boost",11,0,0
"","incapshield_pickup_lv4_selfrevive",11,0,0
"","optic_cq_threat",0,0,0
"","Hopup_Gold",8,0,0
"","bullets_mag_l4",9,0,0
"","highcal_mag_l4",9,0,0
"","energy_mag_l4",9,0,0
"","shotgun_bolt_l4",9,0,0
"","sniper_mag_l4",4,0,0
"","stock_sniper_l4",6,0,0
"","laser_sight_l4",6,0,0
"","gold_weapons",2,0,0
"","",0,0,0
"telephaser_loot_roller_contents_common","",0,0,0
"","health_pickup_health_small",20,0,0
"","health_pickup_combo_small",20,0,0
"","optic_cq_hcog_classic",15,0,0
"","Attachment_L1",30,0,0
"","",0,0,0
"telephaser_loot_roller_contents_rare","",0,0,0
"","optic_cq_hcog_bruiser",10,0,0
"","optic_cq_holosight_variable",10,0,0
"","health_pickup_health_large",10,0,0
"","health_pickup_combo_large",10,0,0
"","Attachment_L2",60,0,0
"","",0,0,0
"telephaser_loot_roller_contents_epic","",0,0,0
"","backpack_pickup_lv3",10,0,0
"","augments",10,0,0
"","Attachment_L3",70,0,0
"","optic_ranged_hcog",5,0,0
"","optic_ranged_aog_variable",5,0,0
"","",0,0,0
"telephaser_loot_roller_contents_legendary","",0,0,0
"","armor_pickup_lv4_all_fast",9,0,0
"","helmet_pickup_lv4_abilities",0,0,0
"","backpack_pickup_lv4_revive_boost",11,0,0
"","incapshield_pickup_lv4_selfrevive",11,0,0
"","optic_cq_threat",0,0,0
"","Hopup_Gold",8,0,0
"","bullets_mag_l4",9,0,0
"","highcal_mag_l4",9,0,0
"","energy_mag_l4",9,0,0
"","shotgun_bolt_l4",9,0,0
"","sniper_mag_l4",4,0,0
"","stock_sniper_l4",6,0,0
"","laser_sight_l4",6,0,0
"","gold_weapons",2,0,0
"","",0,0,0
"pathtt_loot_roller_contents_common","",0,0,0
"","Backpack_1",30,0,0
"","Attachment_L1",35,0,0
"","Health_1",35,0,0
"","",0,0,0
"pathtt_loot_roller_contents_rare","",0,0,0
"","Incapshield_2",25,0,0
"","Backpack_2",10,0,0
"","Attachment_L2",35,0,0
"","Health_2",25,0,0
"","Helmet_2",5,0,0
"","",0,0,0
"pathtt_loot_roller_contents_epic","",0,0,0
"","Incapshield_3",20,0,0
"","Backpack_3",10,0,0
"","Attachment_L3",35,0,0
"","Health_3",10,0,0
"","attachments_hopups_only",15,0,0
"","Helmet_3",5,0,0
"","",0,0,0
"pathtt_loot_roller_contents_legendary","",0,0,0
"","incapshield_pickup_lv4_selfrevive",20,0,0
"","backpack_pickup_lv4_revive_boost",25,0,0
"","optic_sniper_threat",4,0,0
"","optic_cq_threat",0,0,0
"","bullets_mag_l4",5,0,0
"","highcal_mag_l4",5,0,0
"","energy_mag_l4",4,0,0
"","sniper_mag_l4",2,0,0
"","stock_sniper_l4",2,0,0
"","laser_sight_l4",3,0,0
"","Hopup_Gold",15,0,0
"","helmet_pickup_lv4_abilities",0,0,0
"","",0,0,0
"","",0,0,0
"secret_bin_loot","",0,0,0
"","secret_bin_loot_meds",1,0,0
"","",0,0,0
"secret_bin_loot_survival","",0,0,0
"","secret_bin_loot_survival_heatshield",2,0,0
"","secret_bin_loot_survival_respawn",1,0,0
"","mp_ability_redeploy_balloon",2,0,0
"","secret_bin_loot_improved",3,0,0
"","",0,0,0
"secret_bin_loot_meds","",0,0,0
"","health_pickup_health_small",12,0,0
"","health_pickup_combo_small",15,0,0
"","health_pickup_health_large",8,0,0
"","health_pickup_combo_full",4,0,0
"","health_pickup_combo_large",8,0,0
"","",0,0,0
"support_bin_loot_tier_1","",0,0,0
"","health_pickup_health_small",15,0,0
"","health_pickup_combo_small",15,0,0
"","health_pickup_health_large",8,0,0
"","health_pickup_combo_full",4,0,0
"","health_pickup_combo_large",8,0,0
"","",0,0,0
"support_bin_loot_tier_2","",0,0,0
"","health_pickup_health_small",10,0,0
"","health_pickup_combo_small",12,0,0
"","health_pickup_health_large",10,0,0
"","health_pickup_combo_full",5,0,0
"","health_pickup_combo_large",10,0,0
"","",0,0,0
"support_bin_loot_tier_3","",0,0,0
"","health_pickup_health_small",5,0,0
"","health_pickup_combo_small",5,0,0
"","health_pickup_health_large",10,0,0
"","health_pickup_combo_full",5,0,0
"","health_pickup_combo_large",10,0,0
"","",0,0,0
"support_bin_loot_tier_4","",0,0,0
"","health_pickup_health_small",2,0,0
"","health_pickup_combo_small",2,0,0
"","health_pickup_health_large",12,0,0
"","health_pickup_combo_full",10,0,0
"","health_pickup_combo_large",15,0,0
"","",0,0,0
"support_bin_loot_tier_5","",0,0,0
"","health_pickup_health_large",12,0,0
"","health_pickup_combo_full",10,0,0
"","health_pickup_combo_large",15,0,0
"","",0,0,0
"secret_bin_loot_tier_1","",0,0,0
"","support_bin_loot_tier_1",20,0,0
"","secret_bin_loot_improved",2,0,0
"","",0,0,0
"secret_bin_loot_tier_2","",0,0,0
"","support_bin_loot_tier_2",10,0,0
"","secret_bin_loot_improved",5,0,0
"","",0,0,0
"secret_bin_loot_tier_3","",0,0,0
"","support_bin_loot_tier_3",5,0,0
"","secret_bin_loot_improved",5,0,0
"","",0,0,0
"secret_bin_loot_tier_4","",0,0,0
"","support_bin_loot_tier_4",3,0,0
"","secret_bin_loot_improved",6,0,0
"","",0,0,0
"secret_bin_loot_tier_5","",0,0,0
"","support_bin_loot_tier_5",1,0,0
"","",0,0,0
"secret_bin_loot_improved","",0,0,0
"","health_pickup_health_large",8,0,0
"","health_pickup_combo_full",4,0,0
"","health_pickup_combo_large",8,0,0
"","",0,0,0
"secret_bin_loot_survival_heatshield","",0,0,0
"","health_pickup_health_large",1,0,0
"","",0,0,0
"secret_bin_loot_survival_respawn","",0,0,0
"","mp_ability_mobile_respawn_beacon",1,0,0
"","",0,0,0
"secret_bin_loot_big_heal","",0,0,0
"","health_pickup_health_large",2,0,0
"","health_pickup_combo_large",8,0,0
"","",0,0,0
"secret_bin_loot_small_heal","",0,0,0
"","health_pickup_health_small",3,0,0
"","health_pickup_combo_small",7,0,0
"","",0,0,0
"support_bin_rotating_main_loot","",0,0,0
"","health_pickup_health_small",2,0,0
"","health_pickup_combo_small",3,0,0
"","secret_bin_loot_improved",2,0,0
"","",0,0,0
"lootbin_reset_rerolled_loot","",0,0,0
"","Weapon_High",13,0,0
"","ammo",11,0,0
"","Health_Small",9.5,0,0
"","Health_Large",7.5,0,0
"","ordnance",6.5,0,0
"","Attachment_Ultra_High",18,0,0
"","Helmet_High",1.5,0,0
"","Backpack_High",2.75,0,0
"","Incapshield_High",1,0,0
"","mp_pickup_xp_cache",4,0,0
"","top_tier_health",100,0,0
"","",0,0,0
"lootbin_reset_mythic_topup_loot","",0,0,0
"","mp_pickup_xp_cache_large",4,0,0
"","ordnance_drops",2,0,0
"","Backpack_3",1,0,0
"","Health_Large",4,0,0
"","top_tier_health",100,0,0
"","",0,0,0
"attachments_hopups_only","",0,0,0
"","Hopup_Gold",2,0,0
"","Hopup_Purple",6,0,0
"","",0,0,0
"Attachment_L1","",0,0,0
"","bullets_mag_l1",12,0,0
"","highcal_mag_l1",12,0,0
"","energy_mag_l1",12,0,0
"","sniper_mag_l1",8,0,0
"","shotgun_bolt_l1",10,0,0
"","stock_tactical_l1",14,0,0
"","stock_sniper_l1",8,0,0
"","laser_sight_l1",12,0,0
"","barrel_stabilizer_l1",12,0,0
"","",0,0,0
"Attachment_L2","",0,0,0
"","bullets_mag_l2",12,0,0
"","highcal_mag_l2",12,0,0
"","energy_mag_l2",12,0,0
"","sniper_mag_l2",8,0,0
"","shotgun_bolt_l2",10,0,0
"","stock_tactical_l2",14,0,0
"","stock_sniper_l2",8,0,0
"","laser_sight_l2",12,0,0
"","barrel_stabilizer_l2",12,0,0
"","",0,0,0
"Attachment_L3","",0,0,0
"","bullets_mag_l3",12,0,0
"","highcal_mag_l3",12,0,0
"","energy_mag_l3",12,0,0
"","sniper_mag_l3",8,0,0
"","shotgun_bolt_l3",10,0,0
"","stock_tactical_l3",14,0,0
"","stock_sniper_l3",8,0,0
"","laser_sight_l3",12,0,0
"","barrel_stabilizer_l3",12,0,0
"","",0,0,0
"Attachment_L4","",0,0,0
"","bullets_mag_l4",21,0,0
"","highcal_mag_l4",21,0,0
"","energy_mag_l4",21,0,0
"","sniper_mag_l4",10,0,0
"","shotgun_bolt_l4",21,0,0
"","stock_sniper_l4",10,0,0
"","laser_sight_l4",14,0,0
"","",0,0,0
"Attachment_Optics","",0,0,0
"","optic_cq_hcog_classic",10,0,0
"","optic_cq_hcog_bruiser",4,0,0
"","optic_cq_holosight_variable",2,0,0
"","optic_ranged_hcog",3,0,0
"","optic_ranged_aog_variable",2,0,0
"","optic_sniper",2,0,0
"","optic_sniper_variable",2,0,0
"","",0,0,0
"Attachment_Optics_L1","",0,0,0
"","optic_cq_hcog_classic",15,0,0
"","bullets_mag_l1",10,0,0
"","highcal_mag_l1",10,0,0
"","energy_mag_l1",4,0,0
"","sniper_mag_l1",6,0,0
"","shotgun_bolt_l1",10,0,0
"","stock_tactical_l1",8,0,0
"","stock_sniper_l1",4,0,0
"","laser_sight_l1",10,0,0
"","barrel_stabilizer_l1",10,0,0
"","",0,0,0
"Attachment_Optics_L2","",0,0,0
"","optic_cq_hcog_bruiser",15,0,0
"","optic_cq_holosight_variable",15,0,0
"","bullets_mag_l2",10,0,0
"","highcal_mag_l2",10,0,0
"","energy_mag_l2",4,0,0
"","sniper_mag_l2",6,0,0
"","shotgun_bolt_l2",10,0,0
"","stock_tactical_l2",8,0,0
"","stock_sniper_l2",4,0,0
"","laser_sight_l2",10,0,0
"","barrel_stabilizer_l2",10,0,0
"","",0,0,0
"Attachment_Optics_L3","",0,0,0
"","optic_sniper_variable",10,0,0
"","optic_ranged_aog_variable",10,0,0
"","optic_ranged_hcog",10,0,0
"","bullets_mag_l3",10,0,0
"","highcal_mag_l3",10,0,0
"","energy_mag_l3",4,0,0
"","sniper_mag_l3",6,0,0
"","shotgun_bolt_l3",10,0,0
"","stock_tactical_l3",8,0,0
"","stock_sniper_l3",4,0,0
"","laser_sight_l3",10,0,0
"","barrel_stabilizer_l3",10,0,0
"","",0,0,0
"Attachment_Optics_L4","",0,0,0
"","optic_sniper_threat",13,0,0
"","bullets_mag_l4",15,0,0
"","highcal_mag_l4",15,0,0
"","energy_mag_l4",15,0,0
"","sniper_mag_l4",8,0,0
"","shotgun_bolt_l4",13,0,0
"","stock_sniper_l4",8,0,0
"","laser_sight_l4",13,0,0
"","",0,0,0
"Explosive_Hold_Attachments","",0,0,300
"","optic_cq_hcog_bruiser",5,0,0
"","optic_cq_holosight_variable",4,0,0
"","optic_ranged_hcog",5,0,0
"","optic_ranged_aog_variable",3,0,0
"","optic_sniper",2,0,0
"","optic_sniper_variable",2,0,0
"","optic_cq_threat",0,0,0
"","bullets_mag_l2",3,0,0
"","bullets_mag_l3",2,0,0
"","bullets_mag_l4",1,0,0
"","highcal_mag_l2",3,0,0
"","highcal_mag_l3",2,0,0
"","highcal_mag_l4",1,0,0
"","energy_mag_l2",3,0,0
"","energy_mag_l3",2,0,0
"","energy_mag_l4",1,0,0
"","sniper_mag_l3",3,0,0
"","sniper_mag_l4",1,0,0
"","shotgun_bolt_l2",4,0,0
"","shotgun_bolt_l3",4,0,0
"","shotgun_bolt_l4",1,0,0
"","stock_tactical_l2",6,0,0
"","stock_tactical_l3",4,0,0
"","stock_sniper_l3",4,0,0
"","stock_sniper_l4",1,0,0
"","laser_sight_l2",7,0,0
"","laser_sight_l3",7,0,0
"","laser_sight_l4",1,0,0
"","barrel_stabilizer_l2",7,0,0
"","barrel_stabilizer_l3",7,0,0
"","Hopup_Gold",3,0,0
"","Hopup_Purple",0,0,0
"","",0,0,0
"Explosive_Hold_Ammo","",0,0,300
"","bullet",26,0,0
"","shotgun",2,0,0
"","highcal",32,0,0
"","special",26,0,0
"","sniper",14,0,0
"","",0,0,0
"Sniper_Tower_Platform","",0,0,300
"","sniper_rifles",50,0,0
"","sniper_attachments",50,0,0
"","",0,0,0
"caustictt_loot","",0,0,0
"","gold_weapons",45,0,0
"","corrupted_attachments",10,0,0
"","backpack_pickup_lv3",15,0,0
"","augments",30,0,0
"","",0,0,0
"Zone_High_CausticTT","",0,0,300
"","Weapon_High",20.5,0,0
"","ammo",12,0,0
"","Health_High",14.5,0,0
"","ordnance",9,0,0
"","Attachment_High",16,0,0
"","Backpack_High",1.2,0,0
"","Survival_Items",1,0,0
"","augments",0.5,0,0
"","blank",10.5,0,0
"","",0,0,0
"Attachment_High_nogold","",0,3,0
"","optic_cq_hcog_classic",7,0,0
"","optic_cq_hcog_bruiser",3,0,0
"","optic_cq_holosight_variable",4,0,0
"","optic_ranged_hcog",1,0,0
"","optic_ranged_aog_variable",3,0,0
"","optic_sniper",3,0,0
"","optic_sniper_variable",3,0,0
"","optic_cq_threat",0,0,0
"","bullets_mag_l1",4,0,0
"","bullets_mag_l2",4,0,0
"","bullets_mag_l3",2.5,0,0
"","highcal_mag_l1",4,0,0
"","highcal_mag_l2",4,0,0
"","highcal_mag_l3",2.5,0,0
"","energy_mag_l1",4,0,0
"","energy_mag_l2",4,0,0
"","energy_mag_l3",2.5,0,0
"","sniper_mag_l1",2.5,0,0
"","sniper_mag_l2",2.5,0,0
"","sniper_mag_l3",1.5,0,0
"","shotgun_bolt_l1",5,0,0
"","shotgun_bolt_l2",4,0,0
"","shotgun_bolt_l3",3,0,0
"","stock_tactical_l1",4.5,0,0
"","stock_tactical_l2",5,0,0
"","stock_tactical_l3",2.5,0,0
"","stock_sniper_l1",2.75,0,0
"","stock_sniper_l2",3,0,0
"","stock_sniper_l3",1,0,0
"","laser_sight_l1",6.5,0,0
"","laser_sight_l2",5,0,0
"","laser_sight_l3",1.5,0,0
"","barrel_stabilizer_l1",6.5,0,0
"","barrel_stabilizer_l2",5,0,0
"","barrel_stabilizer_l3",1.5,0,0
"","Hopup_Gold",1,0,0
"","Hopup_Purple",6,0,0
"","blank",1.5,0,0
"","",0,0,0
"control_blue_kitted_weapons","",0,0,0
"","mp_weapon_wingman_blueset",5,0,0
"","mp_weapon_semipistol_akimbo_blueset",2,0,0
"","mp_weapon_autopistol_fusion_blueset",5,0,0
"","mp_weapon_shotgun_pistol_akimbo_blueset",2,0,0
"","mp_weapon_shotgun_blueset",2,0,0
"","mp_weapon_alternator_smg_blueset",5,0,0
"","mp_weapon_g2_blueset",5,0,0
"","mp_weapon_energy_shotgun_blueset",5,0,0
"","mp_weapon_mastiff_blueset",5,0,0
"","mp_weapon_r97_blueset",5,0,0
"","mp_weapon_pdw_blueset",5,0,0
"","mp_weapon_vinson_blueset",10,0,0
"","mp_weapon_hemlok_blueset",2,0,0
"","mp_weapon_rspn101_blueset",10,0,0
"","mp_weapon_energy_ar_blueset",10,0,0
"","mp_weapon_esaw_blueset",10,0,0
"","mp_weapon_lmg_blueset",10,0,0
"","mp_weapon_dmr_blueset",10,0,0
"","mp_weapon_doubletake_blueset",10,0,0
"","mp_weapon_sentinel_blueset",5,0,0
"","mp_weapon_defender_blueset",15,0,0
"","mp_weapon_volt_smg_blueset",10,0,0
"","mp_weapon_bow_blueset",5,0,0
"","mp_weapon_nemesis_blueset",15,0,0
"","mp_weapon_dragon_lmg_blueset",10,0,0
"","mp_weapon_car_blueset",10,0,0
"","",0,0,0
"control_purple_kitted_weapons","",0,0,0
"","mp_weapon_wingman_purpleset",5,0,0
"","mp_weapon_semipistol_akimbo_purpleset",2,0,0
"","mp_weapon_autopistol_fusion_purpleset",5,0,0
"","mp_weapon_shotgun_pistol_akimbo_purpleset",2,0,0
"","mp_weapon_shotgun_purpleset",2,0,0
"","mp_weapon_alternator_smg_purpleset",5,0,0
"","mp_weapon_g2_purpleset",5,0,0
"","mp_weapon_energy_shotgun_purpleset",5,0,0
"","mp_weapon_mastiff_purpleset",5,0,0
"","mp_weapon_r97_purpleset",5,0,0
"","mp_weapon_pdw_purpleset",5,0,0
"","mp_weapon_vinson_purpleset",10,0,0
"","mp_weapon_hemlok_purpleset",2,0,0
"","mp_weapon_rspn101_purpleset",10,0,0
"","mp_weapon_energy_ar_purpleset",10,0,0
"","mp_weapon_esaw_purpleset",10,0,0
"","mp_weapon_lmg_purpleset",10,0,0
"","mp_weapon_dmr_purpleset",10,0,0
"","mp_weapon_doubletake_purpleset",10,0,0
"","mp_weapon_sentinel_purpleset",5,0,0
"","mp_weapon_defender_purpleset",15,0,0
"","mp_weapon_volt_smg_purpleset",10,0,0
"","mp_weapon_bow_purpleset",5,0,0
"","mp_weapon_nemesis_purpleset",15,0,0
"","mp_weapon_dragon_lmg_purpleset",10,0,0
"","mp_weapon_car_purpleset",10,0,0
"","",0,0,0
"control_gold_kitted_weapons","",0,0,0
"","mp_weapon_wingman_gold",5,0,0
"","mp_weapon_semipistol_akimbo_gold",2,0,0
"","mp_weapon_autopistol_fusion_gold",5,0,0
"","mp_weapon_shotgun_pistol_akimbo_gold",2,0,0
"","mp_weapon_shotgun_gold",2,0,0
"","mp_weapon_alternator_smg_gold",5,0,0
"","mp_weapon_g2_gold",5,0,0
"","mp_weapon_energy_shotgun_gold",5,0,0
"","mp_weapon_mastiff_gold",5,0,0
"","mp_weapon_r97_gold",5,0,0
"","mp_weapon_pdw_gold",5,0,0
"","mp_weapon_vinson_gold",10,0,0
"","mp_weapon_auto_hemlok_gold",2,0,0
"","mp_weapon_rspn101_gold",10,0,0
"","mp_weapon_energy_ar_gold",10,0,0
"","mp_weapon_esaw_gold",10,0,0
"","mp_weapon_lmg_gold",10,0,0
"","mp_weapon_dmr_gold",10,0,0
"","mp_weapon_doubletake_gold",10,0,0
"","mp_weapon_sentinel_gold",10,0,0
"","mp_weapon_defender_gold",15,0,0
"","mp_weapon_volt_smg_gold",10,0,0
"","mp_weapon_bow_gold",5,0,0
"","mp_weapon_nemesis_gold",15,0,0
"","mp_weapon_dragon_lmg_gold",10,0,0
"","mp_weapon_car_gold",10,0,0
"","",0,0,0
"control_airdrop_left","",0,0,0
"","control_purple_kitted_weapons",0,0,0
"","control_gold_kitted_weapons",20,0,0
"","crate_weapons_earlygame",20,0,0
"","crate_weapons_midgame",10,0,0
"","crate_weapons_lategame",5,0,0
"","armor_pickup_lv3",10,0,0
"","helmet_pickup_lv3",0,0,0
"","armor_pickup_lv4_all_fast",5,0,0
"","helmet_pickup_lv4_abilities",0,0,0
"","mp_ability_redeploy_balloon",30,0,0
"","",0,0,0
"control_airdrop_right","",0,0,0
"","control_purple_kitted_weapons",0,0,0
"","control_gold_kitted_weapons",0,0,0
"","crate_weapons_earlygame",0,0,0
"","crate_weapons_midgame",0,0,0
"","crate_weapons_lategame",0,0,0
"","armor_pickup_lv3",25,0,0
"","helmet_pickup_lv3",15,0,0
"","armor_pickup_lv4_all_fast",40,0,0
"","helmet_pickup_lv4_abilities",0,0,0
"","",0,0,0
"control_airdrop_center","",0,0,0
"","control_purple_kitted_weapons",0,0,0
"","control_gold_kitted_weapons",30,0,0
"","crate_weapons_earlygame",0,0,0
"","crate_weapons_midgame",20,0,0
"","crate_weapons_lategame",50,0,0
"","armor_pickup_lv3",0,0,0
"","helmet_pickup_lv3",0,0,0
"","armor_pickup_lv4_all_fast",0,0,0
"","helmet_pickup_lv4_abilities",0,0,0
"","",0,0,0
"control_carepackage_left_tier_1","",0,0,0
"","armor_pickup_lv1",100,0,0
"","control_blue_kitted_weapons",0,0,0
"","",0,0,0
"control_carepackage_right_tier_1","",0,0,0
"","helmet_pickup_lv1",100,0,0
"","control_blue_kitted_weapons",0,0,0
"","",0,0,0
"control_carepackage_center_tier_1","",0,0,0
"","helmet_pickup_lv1",10,0,0
"","armor_pickup_lv1",30,0,0
"","helmet_pickup_lv2",10,0,0
"","armor_pickup_lv2",20,0,0
"","health_pickup_combo_small",0,0,0
"","control_blue_kitted_weapons",0,0,0
"","control_ordnance",0,0,0
"","mp_ability_redeploy_balloon",30,0,0
"","",0,0,0
"control_carepackage_left_tier_2","",0,0,0
"","armor_pickup_lv2",100,0,0
"","control_purple_kitted_weapons",0,0,0
"","",0,0,0
"control_carepackage_right_tier_2","",0,0,0
"","helmet_pickup_lv2",100,0,0
"","control_purple_kitted_weapons",0,0,0
"","",0,0,0
"control_carepackage_center_tier_2","",0,0,0
"","helmet_pickup_lv2",10,0,0
"","armor_pickup_lv2",20,0,0
"","helmet_pickup_lv3",15,0,0
"","armor_pickup_lv3",25,0,0
"","health_pickup_combo_small",0,0,0
"","control_purple_kitted_weapons",0,0,0
"","control_ordnance",0,0,0
"","mp_ability_redeploy_balloon",30,0,0
"","",0,0,0
"control_carepackage_left_tier_3","",0,0,0
"","armor_pickup_lv3",100,0,0
"","control_gold_kitted_weapons",0,0,0
"","",0,0,0
"control_carepackage_right_tier_3","",0,0,0
"","helmet_pickup_lv3",100,0,0
"","control_gold_kitted_weapons",0,0,0
"","",0,0,0
"control_carepackage_center_tier_3","",0,0,0
"","armor_pickup_lv3",15,0,0
"","helmet_pickup_lv3",25,0,0
"","armor_pickup_lv4_all_fast",15,0,0
"","helmet_pickup_lv4_abilities",0,0,0
"","health_pickup_combo_small",0,0,0
"","control_gold_kitted_weapons",0,0,0
"","control_ordnance",0,0,0
"","mp_ability_redeploy_balloon",30,0,0
"","",0,0,0
"control_carepackage_left_tier_4","",0,0,0
"","armor_pickup_lv4_all_fast",100,0,0
"","crate_weapons_lategame",0,0,0
"","",0,0,0
"control_carepackage_right_tier_4","",0,0,0
"","helmet_pickup_lv4_abilities",0,0,0
"","crate_weapons_lategame",0,0,0
"","control_gold_kitted_weapons",0,0,0
"","mp_ability_redeploy_balloon",100,0,0
"","",0,0,0
"control_carepackage_center_tier_4","",0,0,0
"","armor_pickup_lv4_all_fast",50,0,0
"","helmet_pickup_lv4_abilities",0,0,0
"","health_pickup_combo_small",0,0,0
"","crate_weapons_lategame",0,0,0
"","control_gold_kitted_weapons",0,0,0
"","control_ordnance",0,0,0
"","mp_ability_redeploy_balloon",30,0,0
"","",0,0,0
"control_ordnance","",0,0,0
"","mp_weapon_thermite_grenade",35,0,0
"","mp_weapon_frag_grenade",30,0,0
"","mp_weapon_grenade_emp",35,0,0
"","",0,0,0
"control_mrb_event_airdrop_left","",0,0,0
"","armor_pickup_lv4_all_fast",90,0,0
"","armor_pickup_lv3",10,0,0
"","",0,0,0
"control_mrb_event_airdrop_right","",0,0,0
"","control_gold_kitted_weapons",20,0,0
"","crate_weapons_lategame",30,0,0
"","helmet_pickup_lv4_abilities",0,0,0
"","",0,0,0
"control_mrb_event_airdrop_center","",0,0,0
"","mp_ability_mobile_respawn_beacon",100,0,0
"","",0,0,0
"lifeline_tt_medbay_loot","",0,0,0
"","armor_pickup_lv3_evolving",1,0,0
"","backpack_pickup_lv3",1,0,0
"","augments",1,0,0
"","",0,0,0
"secret_bin_attachments","",0,0,0
"","optic_cq_hcog_classic",7,0,0
"","optic_cq_hcog_bruiser",3,0,0
"","optic_cq_holosight_variable",4,0,0
"","optic_ranged_hcog",1,0,0
"","optic_ranged_aog_variable",3,0,0
"","optic_sniper",3,0,0
"","optic_sniper_variable",3,0,0
"","optic_cq_threat",0,0,0
"","bullets_mag_l2",5,0,0
"","bullets_mag_l3",3.5,0,0
"","bullets_mag_l4",0.25,0,0
"","highcal_mag_l2",5,0,0
"","highcal_mag_l3",3.5,0,0
"","highcal_mag_l4",0.25,0,0
"","energy_mag_l2",5,0,0
"","energy_mag_l3",3.5,0,0
"","energy_mag_l4",0.25,0,0
"","sniper_mag_l2",3.5,0,0
"","sniper_mag_l3",2.5,0,0
"","sniper_mag_l4",0.25,0,0
"","shotgun_bolt_l2",4,0,0
"","shotgun_bolt_l3",3,0,0
"","shotgun_bolt_l4",0.25,0,0
"","stock_tactical_l2",5,0,0
"","stock_tactical_l3",2.5,0,0
"","stock_sniper_l2",4,0,0
"","stock_sniper_l3",2,0,0
"","stock_sniper_l4",0.25,0,0
"","laser_sight_l2",5,0,0
"","laser_sight_l3",2,0,0
"","laser_sight_l4",0.25,0,0
"","barrel_stabilizer_l2",5,0,0
"","barrel_stabilizer_l3",1.5,0,0
"","Hopup_Purple",0,0,0
"","Hopup_Gold",2,0,0
"","",0,0,0
"close_optics","",0,0,0
"","optic_cq_hcog_classic",20,0,0
"","optic_cq_hcog_bruiser",20,0,0
"","optic_cq_holosight_variable",20,0,0
"","optic_ranged_hcog",15,0,0
"","optic_ranged_aog_variable",15,0,0
"","",0,0,0
"munitions_drop","",0,3,0
"","mp_weapon_wingman",3,0,0
"","mp_weapon_shotgun",3,0,0
"","mp_weapon_energy_shotgun",3,0,0
"","mp_weapon_mastiff",3,0,0
"","mp_weapon_alternator_smg",3,0,0
"","mp_weapon_r97",5,0,0
"","mp_weapon_pdw",4,0,0
"","mp_weapon_vinson",5,0,0
"","mp_weapon_auto_hemlok",3,0,0
"","mp_weapon_rspn101",5,0,0
"","mp_weapon_energy_ar",3,0,0
"","mp_weapon_lmg",5,0,0
"","mp_weapon_g2",4,0,0
"","mp_weapon_dmr",3,0,0
"","mp_weapon_doubletake",3,0,0
"","mp_weapon_volt_smg",4,0,0
"","mp_weapon_bow",3,0,0
"","mp_weapon_dragon_lmg",3,0,0
"","mp_weapon_car",3,0,0
"","mp_weapon_nemesis",3,0,0
"","",0,0,0
"firing_range_all_weapons","",0,0,0
"","mp_weapon_wingman",1,0,0
"","mp_weapon_semipistol",1,0,0
"","mp_weapon_autopistol_fusion",1,0,0
"","mp_weapon_shotgun_pistol",1,0,0
"","mp_weapon_shotgun",1,0,0
"","mp_weapon_energy_shotgun",1,0,0
"","mp_weapon_mastiff",1,0,0
"","mp_weapon_alternator_smg",1,0,0
"","mp_weapon_r97",1,0,0
"","mp_weapon_vinson",1,0,0
"","mp_weapon_rspn101",1,0,0
"","mp_weapon_energy_ar",1,0,0
"","mp_weapon_auto_hemlok",1,0,0
"","mp_weapon_esaw",1,0,0
"","mp_weapon_lstar_crate",1,0,0
"","mp_weapon_pdw",1,0,0
"","mp_weapon_lmg",1,0,0
"","mp_weapon_g2",1,0,0
"","mp_weapon_dmr",1,0,0
"","mp_weapon_defender",1,0,0
"","mp_weapon_doubletake",1,0,0
"","mp_weapon_sentinel",1,0,0
"","mp_weapon_volt_smg",1,0,0
"","mp_weapon_bow_crate",1,0,0
"","mp_weapon_3030_crate",1,0,0
"","mp_weapon_sniper",1,0,0
"","mp_weapon_dragon_lmg",1,0,0
"","mp_weapon_car",1,0,0
"","mp_weapon_nemesis",1,0,0
"","mp_weapon_throwingknife",1,0,0
"","",0,0,0
"firing_range_all_attachments","",0,0,0
"","Attachment_L1",1,0,0
"","Attachment_L2",1,0,0
"","Attachment_L3",1,0,0
"","Attachment_L4",1,0,0
"","corrupted_attachments",1,0,0
"","Attachment_Optics",1,0,0
"","optic_sniper_threat",1,0,0
"","",0,0,0
"firing_range_all_gear","",0,0,0
"","backpack_pickup_lv1",1,0,0
"","backpack_pickup_lv2",1,0,0
"","backpack_pickup_lv3",1,0,0
"","backpack_pickup_lv4_revive_boost",1,0,0
"","incapshield_pickup_lv1",1,0,0
"","incapshield_pickup_lv2",1,0,0
"","incapshield_pickup_lv3",1,0,0
"","incapshield_pickup_lv4_selfrevive",1,0,0
"","armor_pickup_lv1_evolving",1,0,0
"","armor_pickup_lv2_evolving",1,0,0
"","armor_pickup_lv3_evolving",1,0,0
"","armor_pickup_lv4_all_fast",1,0,0
"","armor_pickup_lv5_evolving",1,0,0
"","",0,0,0
"crate_weapons_valentines","",0,0,0
"","mp_weapon_bow_cupid",100,0,0
"","",0,0,0
"ai_loot_drop_healing_small","",0,0,0
"","ai_loot_drop_health_small",1,0,0
"","ai_loot_drop_shield_small",1,0,0
"","",0,0,0
"ai_loot_drop_health_small","",0,0,0
"","health_pickup_health_small",1,0,0
"","",0,0,0
"ai_loot_drop_shield_small","",0,0,0
"","health_pickup_combo_small",1,0,0
"","",0,0,0
"evo_caches","",0,0,0
"","mp_pickup_xp_cache",9,0,0
"","mp_pickup_xp_cache_large",1,0,0
"","",0,0,0
"evo_caches_high","",0,0,0
"","mp_pickup_xp_cache",8,0,0
"","mp_pickup_xp_cache_large",2,0,0
"","",0,0,0
"","",0,0,0
"lifeline_upgrade_carepackage_item_1_door_1","",0,0,0
"","health_pickup_combo_large",100,0,0
"","",0,0,0
"lifeline_upgrade_carepackage_item_2_door_1","",0,0,0
"","mp_ability_mobile_respawn_beacon",100,0,0
"","",0,0,0
"lifeline_upgrade_carepackage_item_2_alt_door_1","",0,0,0
"","health_pickup_combo_full",100,0,0
"","",0,0,0
"lifeline_upgrade_carepackage_door_2","",0,0,0
"","health_pickup_combo_large",50,0,0
"","health_pickup_health_large",50,0,0
"","",0,0,0
"lifeline_upgrade_carepackage_door_3","",0,0,0
"","backpack_pickup_lv4_revive_boost",50,0,0
"","health_pickup_combo_large",50,0,0
"","",0,0,0
"ap_low_ar","",0,0,0
"","mp_weapon_rspn101",1,0,0
"","mp_weapon_auto_hemlok",1,0,0
"","mp_weapon_nemesis",1,0,0
"","",0,0,0
"ap_low_smg","",0,0,0
"","mp_weapon_car",1,0,0
"","mp_weapon_alternator_smg",1,0,0
"","mp_weapon_r97",1,0,0
"","mp_weapon_volt_smg",1,0,0
"","",0,0,0
"ap_med_primary","",0,0,0
"","mp_weapon_rspn101",1,0,0
"","mp_weapon_auto_hemlok",1,0,0
"","mp_weapon_nemesis",1,0,0
"","mp_weapon_esaw",1,0,0
"","mp_weapon_lmg",1,0,0
"","mp_weapon_dragon_lmg",1,0,0
"","",0,0,0
"ap_med_secondary","",0,0,0
"","mp_weapon_car",1,0,0
"","mp_weapon_alternator_smg",1,0,0
"","mp_weapon_r97",1,0,0
"","mp_weapon_volt_smg",1,0,0
"","mp_weapon_shotgun",0,0,0
"","mp_weapon_mastiff",0,0,0
"","mp_weapon_shotgun_pistol",0,0,0
"","mp_weapon_energy_shotgun",0,0,0
"","",0,0,0
"corrupted_attachments","",0,0,0
"","corrupted_mag",21,0,0
"","corrupted_barrel",21,0,0
"","corrupted_laser",21,0,0
"","corrupted_tactical_stock",21,0,0
"","corrupted_stock_sniper",16,0,0
"","",0,0,0
"shield_battery","",0,0,0
"","health_pickup_combo_large",100,0,0
"","",0,0,0
"string","string","float","int","int"